<?xml version="1.0" encoding="UTF-8"?>
<!DOCTYPE hibernate-configuration PUBLIC 
"-//Hibernate/Hibernate Configuration DTD 3.0//EN" 
"http://hibernate.sourceforge.net/hibernate-configuration-3.0.dtd">

<hibernate-configuration>
	<session-factory>
		<property name="connection.driver_class">com.mysql.jdbc.Driver</property>
		<property name="connection.url">jdbc:mysql://localhost:3306/youtubedb</property>
		<property name="connection.username">root</property>
		<property name="connection.password"></property>
		<property name="connection.pool_size">10</property>
		<property name="show_sql">true</property>
		<property name="cache.provider_class">org.hibernate.cache.NoCacheProvider</property>
		<property name="dialect">org.hibernate.dialect.MySQL5Dialect</property>
		<property name="hbm2ddl.auto">update</property>
		<mapping class="com.jcl.strut.model.User"></mapping>
		<mapping class="com.jcl.strut.model.Video"></mapping>
		
	</session-factory>
	
</hibernate-configuration>
