<?xml version="1.0" encoding="UTF-8"?>
<!DOCTYPE struts PUBLIC 
 "-//Apache Software Foundation//DTD Struts Configuration 2.0//EN" 
  "http://struts.apache.org/dtds/struts-2.0.dtd">
  
<struts>
	<constant name="struts.devMode" value="true" />
	<package name="default" extends="struts-default">
		<action name="items" class="com.im.myebay.action.ItemAction" method="list">
			<result name="success">/item_list.jsp</result>
		</action>
		
		<action name="save_item" class="com.im.myebay.action.ItemAction" method="add">
			<result name="success">/item_list.jsp</result>
		</action>
	</package>
</struts>